filename,title
-2PDE7hUArE_30_40.wav,JDM Mitsubishi 4D56-T Auto Diesel Used Engine
-75IwDlkzDQ_30_40.wav,volkswagen engine starting
-7J4109yM7w_30_40.wav,40-80 Minneapolis pulling 25HP N&S Steam Engine
-DNkAalo7og_30_40.wav,"Turbine Jet Engine 50,000 RPM Deutz T-216 100HP SOLD"
-GDC7PuqdOM_30_40.wav,First Start of Leyland Engine 4/98
-XVgCqsHi3g_30_40.wav,Staggerwing Startup Radial engine R985
-jBWkHhQNew_30_40.wav,E30 m50 engine swap
-kRxowDMwdQ_80_90.wav,Brough Superior SS 100 Pendine Racer V-Twin 1000 cc Jap Engine 1929
-mNbbwgUZtQ_140_150.wav,ASP 120 4 STROKE CH IGNITIONS GASOLINE CONVERSION
-pBquWuzRwE_30_40.wav,CMD Engine - E' NATO
-x2aAKUtNRw_30_40.wav,VW Passat  AFN 110km. TDI cold engine starting -18 C
02tl_ek8f9I_30_40.wav,1800 Hp Ford GT
0Ed-5hq7AdE_30_40.wav,Rolls Royce Dart 510 Turbo Prop Engine Turning over
0QzVs8IBn_E_30_40.wav,Porsche 917 K engine start
0R348vGkjyw_30_40.wav,Jims exploding steam engine
0XrVauCq9JU_30_40.wav,sherman tank engine
0hipL0SkXMo_40_50.wav,1992 GMC with Built vortec 355
0ix_rHxU54w_30_40.wav,Double V Stirling Engine
11Pn3yJifSQ_4_14.wav,PIVOT ENGINE STARTER SWITCH
1eQSkR2w0R8_380_390.wav,"2,600 PSI Husky pressure washer from the dump"
1t3Cpx7HYf4_0_10.wav,stock-car moteur r16 sur 4l
207W0v5c-Ns_30_40.wav,Volvo Penta 2002 18hp Marine Diesel Engine
283BYw2f0Qc_30_40.wav,CBM 454 lsx twin turbo 1200hp sand car and offroad engine sandlimo sand truck
2Cj6N6XaTIA_30_40.wav,"2 करोड़ का  सांप, क्यों हे इसकी इतनी कीमत ?  विश्वास नहीं होगा"
2LnkfTirErI_30_40.wav,07 S40 T5 Anti skid service required / reduced engine performance
33xTgZMTq54_60_70.wav,Honda 250 6 cylinder RC166 start up Jurby festival Isle of Man during the Manx Grand Prix Classic TT
3esyOI3cuPI_340_350.wav,"2000 Jeep Grand Cherokee Limited Start Up, Engine & Full Tour"
4EXYP1CmL9Q_110_120.wav,Alternator pulley comparsion.wmv
4sbD8vATQSc_30_40.wav,"2006 Ford Fusion, 4 Cyl., Engine clicking/knocking sound"
4z6mZw4I5Uo_20_30.wav,sound of alfa 164 V6 engine
5-wgIXNY-bs_30_40.wav,Drag Neo-tech vs Black engine (One_Tech)
51Wq8OYk5sU_30_40.wav,Ford Escort blown engine still running!!
57Ijq7fWehY_22_32.wav,8hp go cart engine
58SoI7YKr4o_30_40.wav,BMW X5 Engine Problems
5LK5QxIu8xw_30_40.wav,2-Takt Diesel / Modag  ca.1940 / Ship Engine
5gO1h5yQUpQ_30_40.wav,Two-Cylinder V-Twin Gas Powered Engine
5nyaSMbAx3I_40_50.wav,1998 Toyota Camry LE Bad Piston Bearings/Rod Knock And Lucas Oil Additive
5perV0v6lkk_30_40.wav,Diesel Power Challenge 2011- Duramax Blows its Engine
60NqUGPkSqE_24_34.wav,Turbine Jet Engine
61xoM9FNEr4_30_40.wav,Engine (how it attaches) kaise Lagta hai by Indian Railways
65bl67oNEy0_20_30.wav,Pulse jet engine part 1
66kfjGs-5AA_30_40.wav,Unclogging Yamaha outboard engine
67kp76gnDpI_30_40.wav,RAGE BUGGY custom made Kawasaki engine  ZX1400
6Xp4hkZctIw_30_40.wav,King & Marshall AA/FD nitro front engine cackle
6bMJVOjgEc0_250_260.wav,Formula One Boat 17' MerCruiser w / Built Chevy 350 Vortec 5.7L V8 Transplant
6fxzDQJ0AqI_30_40.wav,1UZ-FE Engine V8 1st Start in Bangkok Thailand
7E--KkWuiR0_0_10.wav,2007 Nissan Titan engine knocking noise
7KvmusRXFys_30_40.wav,Bell 407 engine start inside cockpit
7L6YHRn0Wio_20_30.wav,yanmar 3 cylinder
7LRr0ZhqRZ0_30_40.wav,Quad Ride Yamaha 700 Raptor GoPro + Top Speed 137km/h Stock engine
7_vdHQC7RHw_20_30.wav,The Amazing Rokon
7kIhJzeWnJE_110_120.wav,Qantas Airways Airbus A380-842 [VH-OQA] Engine Run
81vJ4-5ToUg_30_40.wav,VW T3 Syncro Audi S2 engine 2.2 20V TURBO - Road Test
8KpcCG4cuow_30_40.wav,FreeWheel Test with Jet Wheelchair jet engine Turbinen Rollstuhl
8WfOH_ej_RU_30_40.wav,Honda Chopper Project Video #2 ENGINE TEST RUN
8jjlkOmWGUo_30_40.wav,1977 Volvo F89 engine first start
8ltlZZLuf4k_0_10.wav,5000HP MUD DRAGSTER CRASH
8nggB29pv1Q_30_40.wav,part 2 with 175hp nos nitrous magna engine fail blow rally fun burnout fire
9-ymRm0OHgY_580_590.wav,The Great Dorset Steam Fair 2008 on Friday 28th
A8xk5lx7CZw_30_40.wav,Renault Megane 1.5 dci engine failure 200k km
Ah304Vt9l9U_0_10.wav,Mazda 3 engine clicking noise
B9n4a5ciI48_16_26.wav,Mobil 1 0W40 Engine Noise
BA_nJrD4lQQ_40_50.wav,1960 Chevrolet Apache
BZTSmF9zt_Q_30_40.wav,350z blown engine
B_0BhgLHPNo_30_40.wav,Mercedes Benz OM 444 LA 12V engine start
BeILNH0jSVg_90_100.wav,1976 Cadillac Eldorado Convertible Drop Top. 500 cu Motor Congressmans car
BrvjJPYROMc_30_40.wav,My Bmw e46 320d compact - engine noise help what is it?
Btm23PFGVU8_100_110.wav,Stephenson Adler livesteam
C1EjihFnp3o_30_40.wav,HKS SKY 350Z SUPERCHARGER 350HP VS SKY WHITE S2K STOCK ENGINE
CBlxdQyB1OI_410_420.wav,Testing the motor on the LT1000 from the dump
CYc-H8Wg-MQ_30_40.wav,1918 Gnome rotary engine running
CdNy_LwXmw0_160_170.wav,Troubleshooting Samsung 2.2Kw Window Air Conditioner
CnYUEif7qF8_140_150.wav,"Evinrude e-tec 90 2011 model, cold startup in flushing tank"
E41yRLq5Hr4_70_80.wav,pulse jet engine go kart record run 2 passes
ESgFP9ibyg8_70_80.wav,1964 Toro Sportlawn Highcut 21 gas powered reel mower
E_5lnbZeN_M_80_90.wav,"Larry's gas turbine jet engine turboprop ultralight aircraft, GB103"
EpYDzdI5PMU_0_10.wav,Tornado ( Dust Devil ) en Santiago enero 2011
Ft-xoz9GwoE_20_30.wav,Civic type r idler pulley noise
Gr0EfKuJsTw_50_60.wav,Flyin Bolens Jet turbine engine powered pulling garden tractor
GruuEdpYo8A_30_40.wav,homemade bulldozer
H-isdmrmhes_140_150.wav,engine blows up
HAKA7KlwvmQ_30_40.wav,LS1 Knocking Noise
HgDZJ5h33SI_40_50.wav,Airbus A350 First Engine Start
I1jgx51-ukc_300_310.wav,1955 chris craft old start cold start
IHBGVgc9tgk_80_90.wav,เรือหางสั้น1
IeW1hoTAXB8_30_40.wav,OK Supreme 1927 motorcycle with Bradshaw engine
JIOdS7XbHys_30_40.wav,How To Diagnose An Engine Knock.MP4
L1qC8DicAZE_70_80.wav,Datsun 510 with VG30 Engine
LLOblSCR4Vs_10_20.wav,Pajero Sport V6 Engine SOHC 3.5 Exhaust sound
LTF5K9H5pPA_80_90.wav,Suffolk Colt Lawnmower Restoration
LkWnbS0Qfrg_30_40.wav,Diesel Boat Engine
MH9Oj_g6xYU_30_40.wav,Noise test - AMD FX-8320 Stock Cooler vs Cooler Master Hyper TX3 EVO
My1AJiLY1gw_150_160.wav,Perkins 540 V8 In Fordson Major First Start
NTSEuO7jvl4_26_36.wav,Toyota Corolla Rod Knock
NeD36r4XZlU_450_460.wav,MARSHALL diesel engine generator start-up
OuPNy_2AZ48_430_440.wav,"1979 Mercedes-Benz 240D parts car - old start, cold start - first start in 13 years (long version)"
P3OU6c8VEhI_280_290.wav,"ford 2006 f150 5.4  diesel noise  ,tick noise ,clak noise."
PEkR2BLU1so_0_10.wav,55 chevy cummins-killer burnout
POCCjcRSQJ4_0_10.wav,Starting of the pulse engine
P_o8okkk3RM_50_60.wav,golf cart 24HP V-TWIN CONVERSION FIRE UP
Pu7_jfDpeoU_30_40.wav,Flexplate to Torque Converter Knocking
Q5HSFwmL-YU_110_120.wav,ВАЗ 2112 turbo stend
QM4qxOYDwHo_90_100.wav,Incredible Boeing jet turbine/helicopter powered Batmobile!!!
REeHsSo_LbE_370_380.wav,como limpar carburador moto 150cc part 4/4
Rblq9XQG6TE_50_60.wav,BMW K100RS Streetfighter
RsnKIYFQSoE_190_200.wav,Hydrogen car Save 70-100% - машина на водороде Экономия c 70- 100%
SHGjVOTXlNc_30_40.wav,Kilroys AeroWorks TProp Yak Engine Start
SbzTJWeo-R8_30_40.wav,A321 Engine Start Up
Sra7HPOYX1c_160_170.wav,Riello oil burner training series # 1
UMs2uABOoEo_10_20.wav,Engine Noise 302 Mustang
UQtbZNMp1nY_90_100.wav,Holz zu Gold !
UeUVINFMdQQ_0_10.wav,"KE18 Corolla Wagon with 3K-B Twin Carb engine, starting, running and reving."
UelMinLIWSA_60_70.wav,Overloading Daewoo Lanos Engine on Jet-A1 and Diesel Mix
UhANSJnLXNs_30_40.wav,ท่อสูบน้ำ นวตกรรมใหม่
V5-Mni4s1vI_90_100.wav,Miata squealing - Clogged cat
WZp8IGE9qOA_270_280.wav,Micro-réacteur
Wy49nszOnxo_210_220.wav,Old Johnson Iron Horse Engine
YxpZFn8EojQ_30_40.wav,106 GTi knocking engine
ZNYap0-4vJw_30_40.wav,TDI n75 buzz
ZakhvbPVWIs_10_20.wav,Subaru wrx rattle noise on throttle release
_-lXVZ9QpO8_310_320.wav,1996 Nissan 200sx with GTIR motor swap and 60-1 Garrett Turbo
_JFFhzZhIvk_80_90.wav,99 S10 differential shaft vibration
_Rvxqek_b0E_70_80.wav,Chicken Vada / Snack / Starter / Iftar Dish for Ramadan
aAU9NKbaGy4_10_20.wav,Motor ns 11 yahnmar . Novo nunca foi usado em barco . Yamaha
aOVPHKqKjyQ_90_100.wav,"Quick Tour: 2001 Ford Escape XLS Start Up, Engine & Brief Tour"
adEy5j4XiJk_30_40.wav,Sherman Tank Engine GM 6046 Twindiesel Fire Up
bQV7q5VRaH0_170_180.wav,Ford Focus 1.8 TDCi 115 engine problem - knocking/ticking sound
bT-CEaOEGdI_140_150.wav,Starting 4 valve engine with ease from OORacing
cMFacOIgiRU_60_70.wav,"2001 Jeep Cherokee Sport Start Up, Engine & Full Tour"
cWUomjdI9vk_0_10.wav,69 Dodge Charger 426 HEMI @ idle
eEY8OozRve0_50_60.wav,2007 Chrysler Town Country radiator fan noise
fWg-YqqzJMQ_10_20.wav,bmw e36 325i odpalenie po remoncie motora
gT504Sv_XD8_290_300.wav,"2006 v6 mustang, pypes exhaust, bbk headers, bbk cai, etc"
h1xGnaqiU1I_80_90.wav,Continental Wright Whirlwind R975 Radial Engine From M3 Grant Tank - First Full Run
hBLotV-d_gQ_30_40.wav,Subaru EJ25 engine knocking before and after rebuild
hWCvuxTPs_8_6_16.wav,Stuck Lifter Knock?
hju_p_SaQww_50_60.wav,"""The Beast"" Kenworth Rat Rod"
iHTrYQjk_kA_30_40.wav,HIGH SPEED SPIN IN A GO CART
iLUd4l1JFDI_50_60.wav,乗用草刈機を広い土地で刈りたい方に！筑水キャニコム 乗用草刈機 CMX227RC【農機具の通販なら「アグリズ」！】
iaONmOk-moU_310_320.wav,オーレック　畦草刈機　ウイングモアー WM606D
jiX01Mfs56g_10_20.wav,Pinging engine
jtUql1Hgwdw_30_40.wav,1919 Dodge brothers touring car
ob8GlVyVSXc_0_10.wav,Стук в двигателе ваз 21083 (2109)
pFELfBxfUk8_30_40.wav,6r4 metro engine singing
pUPvir8l8HA_20_30.wav,Dells Jet Kart 2 At Kingsnorth
s2kV3vuJOwk_0_10.wav,Sanding a wooden deck before staining and sealing
tqXFcaoxQKQ_0_10.wav,Argos in muskeg area pulling trailer with moose
urcN6jbEnTI_0_10.wav,"2001 Honda Civic, knocking engine"
vs1-wt97bGc_10_20.wav,s10 blazer
xXjmPTooKvs_30_40.wav,Frozen belt tensioner pulley
xcgW4BBreqI_30_40.wav,Audi Q7 2010 3.0 Tdi 240PS engine sound warm start
